
create table auteurs(NUMAUT integer, constraint pk_aut  primary key(numaut), NOM varchar(20), PRENOM varchar(20), NATIONALITE varchar(20));

insert into auteurs values(1,'BALZAC','Honoré de','française');
insert into auteurs values(2,'BOILEAU','Pierre','française');
insert into auteurs values(3,'VILLON','François','française');
insert into auteurs values(4,'MACHIAVEL','Nicolas','italienne');
insert into auteurs values(5,'RABELAIS','François','française');
insert into auteurs values(6,'du BELLAY','Joachim','française');
insert into auteurs values(7,'MONTAIGNE','Michel de','française');
insert into auteurs values(8,'RONSARD','Pierre de','française');
insert into auteurs values(9,'CORNEILLE','Pierre','française');
insert into auteurs values(10,'DESCARTES','René','française');
insert into auteurs values(11,'LA FONTAINE','Jean de','française');
insert into auteurs values(12,'PASCAL','Blaise','française');
insert into auteurs values(13,'RACINE','Jean','française');
insert into auteurs values(14,'VIVALDI','Antonio','italienne');
insert into auteurs values(15,'MONTESQUIEU','française');
insert into auteurs values(16,'RAMEAU','Jean-Philippe','française');
insert into auteurs values(17,'ROUSSEAU','Jean-Jacques','française');
insert into auteurs values(18,'VOLTAIRE','française');
insert into auteurs values(19,'LAMARTINE','Alphonse de','française');
insert into auteurs values(20,'ALLEN','François-René','française');
insert into auteurs values(21,'HUGO','Victor','française');
insert into auteurs values(22,'STENDHAL','française');
insert into auteurs values(23,'GAUTIER','Théophile','française');
insert into auteurs values(24,'MAUPASSANT','Guy de','française');
insert into auteurs values(25,'RIMBAUD','Arthur','française');
insert into auteurs values(26,'VERNE','Jules','française');
insert into auteurs values(27,'ALLEN','Emile','française');
insert into auteurs values(28,'APOLLINAIRE','Guillaume','française');
insert into auteurs values(29,'PEGUY','Charles','française');
insert into auteurs values(30,'VALERY','Paul','française');
insert into auteurs values(31,'ARAGON','Louis','française');
insert into auteurs values(32,'ELUARD','Paul','française');
insert into auteurs values(33,'COCTEAU','Jean','française');
insert into auteurs values(34,'PAGNOL','Marcel','française');
insert into auteurs values(35,'ROMAINS','Jules','française');
insert into auteurs values(36,'MALRAUX','André','française');
insert into auteurs values(37,'PREVERT','Jacques','française');
insert into auteurs values(38,'MERLE','Robert','française');
insert into auteurs values(39,'TOLKIEN','John Ronald Reuel','britannique');
insert into auteurs values(40,'YOURCENAR','Marguerite','française');
insert into auteurs values(41,'CAROLL','Lewis','britannique');
insert into auteurs values(42,'BACH','Jean-Sebastien','allemande');
insert into auteurs values(43,'BIZET','Georges','française');
insert into auteurs values(44,'CHOSTAKOVITCH','Dimitri','russe');
insert into auteurs values(45,'COUPERIN','François','française');
insert into auteurs values(46,'HAYDN','Joseph','allemande');
insert into auteurs values(47,'MOZART','Wolfgang Amadeus','autrichienne');
insert into auteurs values(48,'MAHLER','Gustav','autrichienne');
insert into auteurs values(49,'PROKOFIEV','Serge','russe');
insert into auteurs values(50,'SCHUBERT','Franz','allemande');
insert into auteurs values(51,'STRAVINSKY','Igor','russe');
insert into auteurs values(52,'LAGARDE','André','française');
insert into auteurs values(53,'MICHARD','Laurent','française');
insert into auteurs values(54,'BIET','Christian','française');
insert into auteurs values(55,'BRIGHELLI','Jean-Paul','française');
insert into auteurs values(56,'RISPAIL','Jean-Luc','française');
insert into auteurs values(57,'ITRAM','Jean','française');
insert into auteurs values(58,'MOLIERE',null,'française');
insert into auteurs values(59,'BAUDELAIRE','Charles','française');
insert into auteurs values(60,'DUMAS','Alexandre','française');
insert into auteurs values(61,'LEPELLETIER','Charles','française');
insert into auteurs values(62,'DUMONT','Robert','française');
insert into auteurs values(63,'GRANSART','Louis','française');
insert into auteurs values(64,'ALLEN','Woody','américaine');
insert into auteurs values(65,'TAVERNIER','Bertrand','française');
insert into auteurs values(66,'HICKOX','Douglas','américaine');
insert into auteurs values(67,'DUVUVIER','Julien','française');
insert into auteurs values(68,'RAVI SHANKAR',,'indienne');
insert into auteurs values(69,'COLTRANE','John','américaine');
insert into auteurs values(70,'BERRIEN','Jean-Yves','française');
insert into auteurs values(71,'DA POZZO','Pierre','française');
insert into auteurs values(72,'DICK','Phillip','américaine');
insert into auteurs values(73,'TRUMBO','Dalton','canadienne');
insert into auteurs values(74,'QUIGNARD','Pascal','française');
insert into auteurs values(75,'ZEMECKIS','Robert','américaine');
insert into auteurs values(77,'RAMEAU','Jean-Philippe','française');
insert into auteurs values(79,'TRUMBO','John','canadienne');



create table oeuvres(NUMO integer, TITRE varchar(50), ANNEE integer, GENRE varchar(30), constraint pk_oeuv primary key(numo));

insert into oeuvres values(1,'Le testament',1461,'Poésie');
insert into oeuvres values(2,'Le Prince',1532,'Essai');
insert into oeuvres values(3,'Gargantua',1534,'Roman');
insert into oeuvres values(4,'Pantagruel',1532,'Roman');
insert into oeuvres values(5,'Les regrets',1558,'Poésie');
insert into oeuvres values(6,'Heureux qui comme Ulysse',1558,'Poésie');
insert into oeuvres values(7,'Les Antiquités de Rome',1558,'Poésie');
insert into oeuvres values(8,'Comme on passe en été le torrent',1558,'Poésie');
insert into oeuvres values(9,'Marcher d_un grave pas',1558,'Poésie');
insert into oeuvres values(10,'Les Odes',1550,'Poésie');
insert into oeuvres values(11,'Les Amours',1552,'Poésie');
insert into oeuvres values(12,'Je n_ay plus que les os',1585,'Poésie');
insert into oeuvres values(13,'Sonnets pour Hélène',1578,'Poésie');
insert into oeuvres values(14,'Adieu, belle Cassandre',1578,'Poésie');
insert into oeuvres values(15,'Essais',1580,'Essai');
insert into oeuvres values(16,'Le Cid',1636,'Théatre');
insert into oeuvres values(17,'Horace',1640,'Théatre');
insert into oeuvres values(18,'Les Passions de l_âme',1649,'Essai');
insert into oeuvres values(19,'Méditations Métaphysiques',1641,'Essai');
insert into oeuvres values(20,'L_Ecole des femmes',1662,'Théatre');
insert into oeuvres values(21,'Les Précieuses ridicules',1659,'Théatre');
insert into oeuvres values(22,'Tartuffe',1669,'Théatre');
insert into oeuvres values(23,'Le Misanthrope',1667,'Théatre');
insert into oeuvres values(24,'Les Pensées',1669,'Essai');
insert into oeuvres values(25,'Phèdre',1677,'Théatre');
insert into oeuvres values(26,'Bérénice',1670,'Théatre');
insert into oeuvres values(27,'Britannicus',1669,'Théatre');
insert into oeuvres values(28,'Lettres Persanes',1721,'Roman');
insert into oeuvres values(29,'l_Esprit des lois',1748,'Essai');
insert into oeuvres values(30,'Confessions',1788,'Autobiographie');
insert into oeuvres values(31,'Julie ou la Nouvelle Héloïse',1761,'Roman');
insert into oeuvres values(32,'Candide',1759,'Roman');
insert into oeuvres values(33,'Zadig ou la Destinée',1748,'Roman');
insert into oeuvres values(34,'Traité sur la Tolérance',1763,'Essai');
insert into oeuvres values(35,'Méditations Poétiques',1820,'Poésie');
insert into oeuvres values(36,'Le Lac',1820,'Poésie');
insert into oeuvres values(37,'La Peau de Chagrin',1831,'Roman');
insert into oeuvres values(38,'le Père Goriot',1835,'Roman');
insert into oeuvres values(39,'Eugénie-Grandet',1833,'Roman');
insert into oeuvres values(40,'la Rabouilleuse',1842,'Roman');
insert into oeuvres values(41,'la Cousine Bette',1846,'Roman');
insert into oeuvres values(42,'les trois Mousquetaires',NULL,'Roman');
insert into oeuvres values(43,'le Vicomte de Bragelonne',NULL,'Roman');
insert into oeuvres values(44,'Vingt ans après',NULL,'Roman');
insert into oeuvres values(45,'Notre-Dame de Paris',1831,'Roman');
insert into oeuvres values(46,'les Misérables',1862,'Roman');
insert into oeuvres values(47,'le Rouge et le Noir',1830,'Roman');
insert into oeuvres values(48,'La Chartreuse de Parme',1839,'Roman');
insert into oeuvres values(49,'L_Albatros',1857,'Poésie');
insert into oeuvres values(50,'Correspondance',1857,'Poésie');
insert into oeuvres values(51,'Les Fleurs du Mal',1857,'Poésie');
insert into oeuvres values(52,'L_invitation au Voyage',1857,'Poésie');
insert into oeuvres values(53,'La Vie Antérieure',1857,'Poésie');
insert into oeuvres values(54,'le Horla',1887,'Roman');
insert into oeuvres values(55,'Bel Ami',1885,'Roman');
insert into oeuvres values(56,'Voyelles',1883,'Poésie');
insert into oeuvres values(57,'Le Bateau Ivre',1871,'Poésie');
insert into oeuvres values(58,'Germinal',1885,'Roman');
insert into oeuvres values(59,'Au Bonheur des Dames',1883,'Roman');
insert into oeuvres values(60,'la Bête Humaine',1890,'Roman');
insert into oeuvres values(61,'l_Argent',1891,'Roman');
insert into oeuvres values(62,'Alcools',1913,'Poésie');
insert into oeuvres values(63,'Le Pont mirabeau',1913,'Poésie');
insert into oeuvres values(64,'La Chanson du Mal-Aimé',1913,'Poésie');
insert into oeuvres values(65,'Topaze',1928,'Théatre');
insert into oeuvres values(66,'Marius',1928,'Roman');
insert into oeuvres values(67,'Knock',1920,'Théatre');
insert into oeuvres values(68,'Les Hommes de bonne volonté',1932,'Roman');
insert into oeuvres values(69,'l_Espoir',1937,'Roman');
insert into oeuvres values(70,'Week-End à Zuydcoote',1949,'Roman');
insert into oeuvres values(71,'La mort est mon métier',1952,'Roman');
insert into oeuvres values(72,'Fortune de France',1977,'Roman');
insert into oeuvres values(73,'En nos vertes années',1979,'Roman');
insert into oeuvres values(74,'Paris ma bonne ville',1980,'Roman');
insert into oeuvres values(75,'Bilbo le Hobbit',1936,'Roman');
insert into oeuvres values(76,'Alice au Pays des Merveilles',1865,'Roman');
insert into oeuvres values(77,'De l_Autre Côté du Miroir',1871,'Roman');
insert into oeuvres values(78,'Moyen-Age',1962,'Manuel');
insert into oeuvres values(79,'XVI',1962,'Manuel');
insert into oeuvres values(80,'XVII',1962,'Manuel');
insert into oeuvres values(81,'XVIII',1962,'Manuel');
insert into oeuvres values(82,'XIX',1962,'Manuel');
insert into oeuvres values(83,'XX',1962,'Manuel');
insert into oeuvres values(84,'XVI-XVII',1991,'Manuel');
insert into oeuvres values(85,'XVII-XVIII',1991,'Manuel');
insert into oeuvres values(86,'XIX ème',1991,'Manuel');
insert into oeuvres values(87,'Anthologie de la Poésie Française',1994,'Anthologie');
insert into oeuvres values(88,'Théatre de Racine',1985,'Théatre');
insert into oeuvres values(89,'Poésies choisies de Ronsard',1981,'Poésie');
insert into oeuvres values(90,'Théatre de Molière',1985,'Théatre');
insert into oeuvres values(91,'l_Art de la Fugue',1740,'Musique baroque (orgue)');
insert into oeuvres values(92,'le Clavier bien tempéré',1735,'Musique baroque (piano)');
insert into oeuvres values(93,'Alexandre Nevski',1932,'Symphonie');
insert into oeuvres values(94,'La Création',1780,NULL);
insert into oeuvres values(95,'Une petite musique de nuit',1770,NULL);
insert into oeuvres values(96,'Divertimento K136',1773,'Quatuor à cordes');
insert into oeuvres values(97,'Divertimento K137',1775,'Quatuor à cordes');
insert into oeuvres values(98,'Divertimento K138',1777,'Quatuor à cordes');
insert into oeuvres values(99,'Annie Hall',1977,'Comédie');
insert into oeuvres values(100,'Forrest Gump',1994,'Comédie');
insert into oeuvres values(101,'Brannigan',1974,'Aventures');
insert into oeuvres values(102,'Anna Karénine',1948,'Drame');
insert into oeuvres values(103,'Concerto/violoncelle op 107',1936,'Classique');
insert into oeuvres values(104,'Concerto/violoncelle op 126',1941,'Classique');
insert into oeuvres values(105,'Histoire de l_informatique',1996,'Pratique');
insert into oeuvres values(106,'Aide-mémoire d_Unix',1996,'Pratique');
insert into oeuvres values(107,'Ubik',1960,'Science-Fiction');
insert into oeuvres values(108,'Johnny s_en va t-en guerre',1938,'Roman');
insert into oeuvres values(109,'Le salon de Wurtemberg',1982,'Roman');
insert into oeuvres values(110,'Tous les matins du monde',1988,'Roman');


create table ecrit(NUMO integer, NUMAUT integer, constraint pk_ecr primary key(numo, numaut));

insert into ecrit values(1,3);
insert into ecrit values(2,4);
insert into ecrit values(3,5);
insert into ecrit values(4,5);
insert into ecrit values(5,6);
insert into ecrit values(6,6);
insert into ecrit values(7,6);
insert into ecrit values(8,6);
insert into ecrit values(9,6);
insert into ecrit values(10,8);
insert into ecrit values(11,8);
insert into ecrit values(12,8);
insert into ecrit values(13,8);
insert into ecrit values(14,8);
insert into ecrit values(15,7);
insert into ecrit values(16,9);
insert into ecrit values(17,9);
insert into ecrit values(18,10);
insert into ecrit values(19,10);
insert into ecrit values(20,58);
insert into ecrit values(21,58);
insert into ecrit values(22,58);
insert into ecrit values(23,58);
insert into ecrit values(24,12);
insert into ecrit values(25,13);
insert into ecrit values(26,13);
insert into ecrit values(27,13);
insert into ecrit values(28,15);
insert into ecrit values(29,15);
insert into ecrit values(30,17);
insert into ecrit values(31,17);
insert into ecrit values(32,18);
insert into ecrit values(33,18);
insert into ecrit values(34,18);
insert into ecrit values(35,19);
insert into ecrit values(36,19);
insert into ecrit values(37,1);
insert into ecrit values(38,1);
insert into ecrit values(39,1);
insert into ecrit values(40,1);
insert into ecrit values(41,1);
insert into ecrit values(42,60);
insert into ecrit values(43,60);
insert into ecrit values(44,60);
insert into ecrit values(45,21);
insert into ecrit values(46,21);
insert into ecrit values(47,22);
insert into ecrit values(48,22);
insert into ecrit values(49,25);
insert into ecrit values(50,25);
insert into ecrit values(51,25);
insert into ecrit values(52,25);
insert into ecrit values(53,25);
insert into ecrit values(54,24);
insert into ecrit values(55,24);
insert into ecrit values(56,59);
insert into ecrit values(57,59);
insert into ecrit values(58,27);
insert into ecrit values(59,27);
insert into ecrit values(60,27);
insert into ecrit values(61,27);
insert into ecrit values(62,28);
insert into ecrit values(63,28);
insert into ecrit values(64,28);
insert into ecrit values(65,34);
insert into ecrit values(66,34);
insert into ecrit values(67,34);
insert into ecrit values(68,35);
insert into ecrit values(69,36);
insert into ecrit values(70,38);
insert into ecrit values(71,38);
insert into ecrit values(72,38);
insert into ecrit values(73,38);
insert into ecrit values(74,38);
insert into ecrit values(75,39);
insert into ecrit values(77,41);
insert into ecrit values(78,52);
insert into ecrit values(78,53);
insert into ecrit values(79,52);
insert into ecrit values(79,53);
insert into ecrit values(80,52);
insert into ecrit values(80,53);
insert into ecrit values(81,52);
insert into ecrit values(81,53);
insert into ecrit values(82,52);
insert into ecrit values(82,53);
insert into ecrit values(83,52);
insert into ecrit values(83,53);
insert into ecrit values(84,54);
insert into ecrit values(84,55);
insert into ecrit values(85,54);
insert into ecrit values(85,55);
insert into ecrit values(86,54);
insert into ecrit values(86,55);
insert into ecrit values(87,57);
insert into ecrit values(88,61);
insert into ecrit values(89,62);
insert into ecrit values(90,63);
insert into ecrit values(91,42);
insert into ecrit values(92,42);
insert into ecrit values(93,49);
insert into ecrit values(94,46);
insert into ecrit values(95,47);
insert into ecrit values(96,47);
insert into ecrit values(97,47);
insert into ecrit values(98,47);
insert into ecrit values(99,64);
insert into ecrit values(100,75);
insert into ecrit values(101,66);
insert into ecrit values(102,67);
insert into ecrit values(103,44);
insert into ecrit values(104,44);
insert into ecrit values(105,70);
insert into ecrit values(106,71);
insert into ecrit values(107,72);
insert into ecrit values(108,73);
insert into ecrit values(109,74);
insert into ecrit values(110,74);



create table ouvrages(NUMOUV integer, TITRE varchar(100), COLLECTION varchar(30), DATEPUB char(4), LIEUPUB varchar(20),medium char(10), PRIX float, NUMEDIT integer, NUMO integer, constraint pk_ouv primary key(numouv));

insert into ouvrages values(1,'Poésies complètes de François Villon','Le Livre de Poche','1991','Paris','Livre',46.0,35,0);
insert into ouvrages values(2,'Le Prince','L_Ecole des Lettres','1993','Paris','Livre',46.00,2,2);
insert into ouvrages values(3,'Gargantua','GF','1990','Paris','Livre',24.00,17,3);
insert into ouvrages values(4,'Gargantua','Le Livre de Poche','1994','paris','Livre',48.00,35,3);
insert into ouvrages values(5,'Pantagruel','Le Livre de Poche','1979','paris','Livre',30.00,35,4);
insert into ouvrages values(6,'Les Antiquités de Rome','GF','1994','paris','Livre',24.00,17,7);
insert into ouvrages values(7,'Les Odes','GF','1981','Paris','Livre',37.00,17,10);
insert into ouvrages values(8,'Sonnets pour Hélène','Poésie','1974','Paris','Livre',42.00,1,13);
insert into ouvrages values(9,'L_école des femmes','Petits classiques','1985','Paris','Livre',22.50,10,20);
insert into ouvrages values(10,'L_école des femmes','GF','1975','Paris','Livre',29.00,17,20);
insert into ouvrages values(11,'L_école des femmes','Folio','1993','Paris','Livre',35.00,1,20);
insert into ouvrages values(12,'Les Précieuses ridicules','Petits classiques','1974','Paris','Livre',25.00,10,21);
insert into ouvrages values(13,'Tartuffe','Petits classiques','1978','Paris','Livre',45.00,10,22);
insert into ouvrages values(14,'Tartuffe','Le Livre de Poche','1985','Paris','Livre',20.00,35,22);
insert into ouvrages values(15,'Tartuffe','Classiques  Bordas','1994','Paris','Livre',20.00,8,22);
insert into ouvrages values(16,'le Misanthrope','Petits classiques','1980','Paris','Livre',36.00,10,23);
insert into ouvrages values(17,'le Misanthrope','GF','1965','Paris','Livre',33.00,17,23);
insert into ouvrages values(18,'les Fleurs du Mal','Le Livre de Poche','1991','Paris','Livre',31.00,35,51);
insert into ouvrages values(19,'les Fleurs du mal','Poésie','1972','Paris','Livre',36.00,1,51);
insert into ouvrages values(20,'Les Fleurs du Mal','l_Ecole des Lettres','1993','Paris','Livre',58.00,2,51);
insert into ouvrages values(21,'Les fleurs du mal','J_ai Lu','1992','Paris','Livre',18.00,19,51);
insert into ouvrages values(22,'Week-end à Zuydcotte','Folio','1976','paris','Livre',28.00,1,70);
insert into ouvrages values(23,'La mort est mon métier','Folio','1976','Paris','Livre',32.00,1,71);
insert into ouvrages values(24,'Fortune de France','Press Pocket','1994','Paris','Livre',40.00,3,72);
insert into ouvrages values(25,'Fortune de France : En mes vertes années','Press Pocket','1994','Paris','Livre',42.00,3,73);
insert into ouvrages values(26,'Fortune de France : Paris ma bonne ville','Press Pocket','1994','Paris','Livre',42.00,3,74);
insert into ouvrages values(27,'XVIème Siècle','Manuels scolaires','1968','Paris','Livre',75.00,8,0);
insert into ouvrages values(28,'XVIIème Siècle','Manuels scolaires','1968','Paris','Livre',80.00,8,0);
insert into ouvrages values(29,'XVIIIème Siècle','Manuels scolaires','1968','Paris','Livre',80.00,8,0);
insert into ouvrages values(30,'XIXème Siècle','Manuels scolaires','1968','Paris','Livre',80.00,8,0);
insert into ouvrages values(31,'XXème Siècle','Manuels scolaires','1968','Paris','Livre',85.00,8,0);
insert into ouvrages values(32,'XVI-XVII','Livres scolaires','1981','Paris','Livre',72.00,5,0);
insert into ouvrages values(33,'XVII-XVIII','Livres scolaires','1981','Paris','Livre',74.00,5,0);
insert into ouvrages values(34,'XIXème','Livres scolaires','1981','Paris','Livre',78.00,5,0);
insert into ouvrages values(35,'XXème','Livres scolaires','1981','Paris','Livre',80.00,5,0);
insert into ouvrages values(36,'Anthologie de la Poésie française',' ','1994','Paris','Livre',100.00,1,87);
insert into ouvrages values(37,'Théatre de Racine',' ','1980','Paris','Livre',98.50,18,88);
insert into ouvrages values(38,'Poésie choisie de Ronsard','Classiques Garnier','1975','Paris','Livre',75.00,11,89);
insert into ouvrages values(39,'L_Art de la Fugue',' ','1993',' ','CD',161.00,29,91);
insert into ouvrages values(40,'Théatre de Molière',' ','1988','Paris','Livre',92.00,35,90);
insert into ouvrages values(41,'Le Clavecin Bien Tempéré',' ','1991',' ','CD',294.00,34,92);
insert into ouvrages values(42,'Alexandre Nevski - musique du film de S. Eisenstein',' ','1993',' ','CD',169.00,23,93);
insert into ouvrages values(43,'Joseph Haydn : La Création','classique','1993',' ','CD',299.00,31,94);
insert into ouvrages values(44,'Petite musique de nuit et Divertimentos','classique','1994',' ','CD',162.00,37,0);
insert into ouvrages values(45,'Moyen-Age','Manuels Scolaires','1967','Paris','Livre',98.00,8,78);
insert into ouvrages values(46,'Annie Hall',' ','1990','Paris','Vidéo',153.00,44,99);
insert into ouvrages values(47,'Forrest Gump',' ','1995','Paris','Vidéo',140.00,44,100);
insert into ouvrages values(48,'Brannigan',' ','1994','Paris','Vidéo',137.00,44,101);
insert into ouvrages values(49,'Anna Karénine',' ','1990','Paris','Vidéo',120.00,44,102);
insert into ouvrages values(50,'Ravi Shankar en concert',' ','1996','Paris','CD',95.00,42,0);
insert into ouvrages values(51,'John Coltrane Quartet',' ','1996','Paris','CD',150.00,43,0);
insert into ouvrages values(52,'Concertos pour violoncelle',' ','1996','Paris','Livre',178.00,0,0);
insert into ouvrages values(53,'Histoire de l_informatique',' ','1996','Paris','Livre',30.00,40,105);
insert into ouvrages values(54,'Aide-mémoire d_unix',' ','1996','Paris','Livre',35.00,38,106);
insert into ouvrages values(55,'Ubik',' ','1996','Paris','Livre',75.00,35,107);
insert into ouvrages values(56,'Johnny s_en va t-en guerre',' ','1995','Paris','Livre',82.00,2,108);
insert into ouvrages values(57,'Le salon du Wurtemberg',' ','1994','Paris','Livre',63.00,1,109);
insert into ouvrages values(58,'Tous les matins du monde',' ','1995','Paris','Livre',47.00,1,110);


create table contient(NUMOUV integer,NUMO integer,constraint pk_cit primary key(numouv, numo));

insert into contient values(1,1);
insert into contient values(6,5);
insert into contient values(6,6);
insert into contient values(6,7);
insert into contient values(6,8);
insert into contient values(6,9);
insert into contient values(18,49);
insert into contient values(18,50);
insert into contient values(18,51);
insert into contient values(18,52);
insert into contient values(18,53);
insert into contient values(19,49);
insert into contient values(19,50);
insert into contient values(19,51);
insert into contient values(19,52);
insert into contient values(19,53);
insert into contient values(20,49);
insert into contient values(20,50);
insert into contient values(20,51);
insert into contient values(20,52);
insert into contient values(20,53);
insert into contient values(21,49);
insert into contient values(21,50);
insert into contient values(21,51);
insert into contient values(21,52);
insert into contient values(21,53);
insert into contient values(27,1);
insert into contient values(27,2);
insert into contient values(27,3);
insert into contient values(27,4);
insert into contient values(27,5);
insert into contient values(27,6);
insert into contient values(27,8);
insert into contient values(27,9);
insert into contient values(27,10);
insert into contient values(27,11);
insert into contient values(27,12);
insert into contient values(27,13);
insert into contient values(27,14);
insert into contient values(27,15);
insert into contient values(28,16);
insert into contient values(28,17);
insert into contient values(28,18);
insert into contient values(28,19);
insert into contient values(28,20);
insert into contient values(28,21);
insert into contient values(28,22);
insert into contient values(28,23);
insert into contient values(28,24);
insert into contient values(28,25);
insert into contient values(28,26);
insert into contient values(28,27);
insert into contient values(29,28);
insert into contient values(29,29);
insert into contient values(29,30);
insert into contient values(29,31);
insert into contient values(29,32);
insert into contient values(29,33);
insert into contient values(29,34);
insert into contient values(30,35);
insert into contient values(30,36);
insert into contient values(30,38);
insert into contient values(30,39);
insert into contient values(30,40);
insert into contient values(30,42);
insert into contient values(30,44);
insert into contient values(30,45);
insert into contient values(30,48);
insert into contient values(30,49);
insert into contient values(30,50);
insert into contient values(30,52);
insert into contient values(30,54);
insert into contient values(30,55);
insert into contient values(30,57);
insert into contient values(30,58);
insert into contient values(30,59);
insert into contient values(30,61);
insert into contient values(31,62);
insert into contient values(31,64);
insert into contient values(31,65);
insert into contient values(31,66);
insert into contient values(31,67);
insert into contient values(31,68);
insert into contient values(31,69);
insert into contient values(36,1);
insert into contient values(36,6);
insert into contient values(36,8);
insert into contient values(36,9);
insert into contient values(36,12);
insert into contient values(36,14);
insert into contient values(36,15);
insert into contient values(36,36);
insert into contient values(36,49);
insert into contient values(36,52);
insert into contient values(36,56);
insert into contient values(36,57);
insert into contient values(37,25);
insert into contient values(37,26);
insert into contient values(37,27);
insert into contient values(38,10);
insert into contient values(38,11);
insert into contient values(38,12);
insert into contient values(38,13);
insert into contient values(38,14);
insert into contient values(40,20);
insert into contient values(40,21);
insert into contient values(40,22);
insert into contient values(40,23);
insert into contient values(44,95);
insert into contient values(44,98);



create table editeurs(NUMEDIT integer,NOM varchar(50),ADRESSE varchar(50),CODE_POSTAL integer,VILLE varchar(50),TEL char(11), constraint pk_edit primary key(numedit));

insert into editeurs values(1,'GALLIMARD','15, Bd Raspail',75007,'PARIS','45 48 24 84');
insert into editeurs values(2,'SEUIL','18, rue Dauphine',75006,'PARIS','43 25 48 79');
insert into editeurs values(3,'PLON','76, rue Bonaparte',75006,'PARIS','44 41 35 00');
insert into editeurs values(4,'EDITIONS DE MINUIT','7, rue Bernard Palissy',75006,'PARIS','44 39 39 20');
insert into editeurs values(5,'MAGNARD','20, rue Berbier de Mets',75013,'PARIS','44 08 85 85');
insert into editeurs values(6,'DUNOD',NULL,0,NULL,NULL);
insert into editeurs values(7,'FAYARD','75, rue des Saints Pères',75006,'PARIS','45 44 38 48');
insert into editeurs values(8,'BORDAS','17, rue Montparnasse',75006,'PARIS','49 54 18 00');
insert into editeurs values(9,'ARMAND COLIN',NULL,0,NULL,NULL);
insert into editeurs values(10,'LAROUSSE','17, rue Montparnasse',75006,'PARIS','44 39 44 00');
insert into editeurs values(11,'GARNIER','26, rue Racine',75006,'PARIS','40 51 31 00');
insert into editeurs values(12,'HATIER','8, rue d_Assas',75006,'PARIS','49 54 43 54');
insert into editeurs values(13,'ACTES SUD','18, rue de Savoie',75006,'PARIS','43 54 70 61');
insert into editeurs values(14,'ROBERT LAFFONT','24, Avenue Marceau',75008,'PARIS','53 67 14 00');
insert into editeurs values(15,'ALBIN MICHEL','22, rue Huyghes',75014,'PARIS','42 79 10 00');
insert into editeurs values(16,'EYROLLES','61, Bd Dt Germain',75005,'PARIS','44 41 11 11');
insert into editeurs values(17,'FLAMMARION','26, rue Racine',75006,'PARIS','40 51 31 00');
insert into editeurs values(18,'HACHETTE','43, quai de Grenelle',75005,'PARIS','43 92 30 00');
insert into editeurs values(19,'J_AI LU','27, rue Calmette',75006,'PARIS','44 39 34 70');
insert into editeurs values(20,'NATHAN','9, rue Mechain',75014,'PARIS','45 87 50 00');
insert into editeurs values(21,'VUIBERT','63, Bd St Germain',75005,'PARIS','44 41 73 40');
insert into editeurs values(22,'10/18',NULL,0,NULL,NULL);
insert into editeurs values(23,'HARMONIA MUNDI','55, rue du M5',59650,'VILLENEUVE D_ASCQ','20 98 76 54');
insert into editeurs values(24,'CBS',NULL,0,NULL,NULL);
insert into editeurs values(25,'SONY MUSIC',NULL,0,NULL,NULL);
insert into editeurs values(26,'EMI CLASSICS',NULL,0,NULL,NULL);
insert into editeurs values(27,'PHILLIPS',NULL,0,NULL,NULL);
insert into editeurs values(28,'LE CHANT DU MONDE',NULL,0,NULL,NULL);
insert into editeurs values(29,'ERATO','76, Bd de l_Informatique',59000,'LILLE','20 55 66 77');
insert into editeurs values(30,'SONY CLASSICAL',NULL,0,NULL,NULL);
insert into editeurs values(31,'DECCA','10, allée Access',59100,'ROUBAIX','20 12 34 56');
insert into editeurs values(32,'TELDEC',NULL,0,NULL,NULL);
insert into editeurs values(33,'RCA',NULL,0,NULL,NULL);
insert into editeurs values(34,'VALOIS-AUVIDIS',NULL,0,NULL,NULL);
insert into editeurs values(35,'GARNIER-FLAMMARION','26, rue Racine',75006,'PARIS','40 51 30 00');
insert into editeurs values(36,'ASTRE AUVIDIS','15, rue du DEUG MIA',59650,'VILLENEUVE D_ASCQ','20 43 00 00');
insert into editeurs values(37,'DG','114, Av des Bases de Donnees',59491,'VILLENEUVE D_ASCQ','20 43 44 94');
insert into editeurs values(38,'MARABOUT',NULL,NULL,NULL,NULL);
insert into editeurs values(39,'CLUB F.L',NULL,NULL,NULL,NULL);
insert into editeurs values(40,'PUF',NULL,NULL,NULL,NULL);
insert into editeurs values(41,'IMPULSE',NULL,NULL,NULL,NULL);
insert into editeurs values(42,'ANGEL RECORDS','rue des étudiants de DEUG',59650,'VILLENEUVE D_ASCQ','20 43 44 94');
insert into editeurs values(43,'IMPULSE',NULL,NULL,NULL,NULL);
insert into editeurs values(44,'VIDEO EDITIONS','cave du M3',59650,'VILLENEUVE D_ASCQ','20 43 44 94');


create table exemplaires(NUMOUV number, NUMEX number, COTE char(6), ETAT char(5), constraint pk_ex primary key(numouv, numex));

insert into exemplaires values(1,1,'43VIL','bon');
insert into exemplaires values(2,1,'50MAC','bon');
insert into exemplaires values(1,2,'43VIL','moyen');
insert into exemplaires values(3,1,'18RAB','bon');
insert into exemplaires values(4,1,'18AB','moyen');
insert into exemplaires values(4,2,'18RAB','bon');
insert into exemplaires values(5,1,'18RAB','bon');
insert into exemplaires values(5,2,'18RAB','bon');
insert into exemplaires values(6,1,'20RON','bon');
insert into exemplaires values(7,1,'20RON','abimé');
insert into exemplaires values(8,1,'20RON','moyen');
insert into exemplaires values(9,1,'24MOL','bon');
insert into exemplaires values(10,1,'24MOL','bon');
insert into exemplaires values(11,1,'24MOL','bon');
insert into exemplaires values(12,1,'24MOL','bon');
insert into exemplaires values(13,1,'24MOL','abimé');
insert into exemplaires values(14,1,'24MOL','bon');
insert into exemplaires values(15,1,'24MOL','moyen');
insert into exemplaires values(16,1,'24MOL','bon');
insert into exemplaires values(17,1,'24MOL','bon');
insert into exemplaires values(18,1,'32RIM','bon');
insert into exemplaires values(19,1,'32RIM','abimé');
insert into exemplaires values(20,1,'32RIM','moyen');
insert into exemplaires values(21,1,'32RIM','moyen');
insert into exemplaires values(22,1,'75MER','bon');
insert into exemplaires values(22,2,'75MER','bon');
insert into exemplaires values(23,0,'75MER','bon');
insert into exemplaires values(24,1,'75MER','bon');
insert into exemplaires values(25,1,'75MER','bon');
insert into exemplaires values(26,1,'75MER','bon');
insert into exemplaires values(27,1,'86LMI','bon');
insert into exemplaires values(28,1,'86LMI','bon');
insert into exemplaires values(29,1,'86LMI','bon');
insert into exemplaires values(30,1,'86LMI','bon');
insert into exemplaires values(31,1,'86LMI','bon');
insert into exemplaires values(32,1,'88BBR','bon');
insert into exemplaires values(33,1,'88BBR','moyen');
insert into exemplaires values(34,1,'88BBR','moyen');
insert into exemplaires values(35,1,'88BBR','abimé');
insert into exemplaires values(36,1,'87ITR','bon');
insert into exemplaires values(37,1,'42LEP','bon');
insert into exemplaires values(38,1,'46DUM','bon');
insert into exemplaires values(39,1,'102BAC','bon');
insert into exemplaires values(40,1,'42GRA','bon');
insert into exemplaires values(41,1,'102BAC','bon');
insert into exemplaires values(42,1,'150PRO','bon');
insert into exemplaires values(43,1,'130HAY','bon');
insert into exemplaires values(44,1,'127MOZ','bon');
insert into exemplaires values(45,1,'86LMI','bon');
insert into exemplaires values(46,1,'232ALL','abimé');
insert into exemplaires values(47,1,'221ZEM','bon');
insert into exemplaires values(48,1,'238HIC','bon');
insert into exemplaires values(49,1,'218DUV','moyen');
insert into exemplaires values(53,1,'92BER','abimé');
insert into exemplaires values(54,1,'92DAP','moyen');
insert into exemplaires values(55,1,'76DIC','bon');
insert into exemplaires values(56,1,'77TRU','moyen');
insert into exemplaires values(57,1,'66QUI','abimé');
insert into exemplaires values(58,1,'66QUI','bon');
insert into exemplaires values(53,2,'92BER','abimé');
insert into exemplaires values(7,2,'20RON','abimé');
insert into exemplaires values(7,3,'20RON','bon');
insert into exemplaires values(11,2,'24MOL','bon');
insert into exemplaires values(13,2,'24MOL','bon');
insert into exemplaires values(15,2,'24MOL','moyen');
insert into exemplaires values(15,3,'24MOL','bon');
insert into exemplaires values(17,2,'24MOL','bon');
insert into exemplaires values(20,2,'32RIM','bon');
insert into exemplaires values(29,2,'86LMI','moyen');
insert into exemplaires values(30,2,'86LMI','abimé');
insert into exemplaires values(33,2,'88BBR','abimé');
insert into exemplaires values(34,2,'88BBR','abimé');
insert into exemplaires values(34,3,'88BBR','abimé');
insert into exemplaires values(44,2,'127MOZ','moyen');
insert into exemplaires values(46,2,'232ALL','abimé');
insert into exemplaires values(47,2,'221ZEM','moyen');
insert into exemplaires values(49,2,'218DUV','abimé');
insert into exemplaires values(43,2,'130HAY','bon');
insert into exemplaires values(55,2,'76DIC','bon');
insert into exemplaires values(50,1,'230RAV','bon');
insert into exemplaires values(51,1,'224COL','bon');
insert into exemplaires values(52,1,'255CHO','bon');


create table adherents(numadhe integer, nom varchar(20), prenom varchar(20), adresse varchar(50), code_postal char(5), ville varchar(30), a_jour char, constraint pk_adhe primary key(numadhe));

insert into adherents values(1,'SCHMIDT','ANDRE','161, rue Lavoisier',59130,'LAMBERSART','O');
insert into adherents values(2,'MARTIN','ALAIN','119, rue Maurice Berteaux',59171,'HELLEMMES','O');
insert into adherents values(3,'DUPONT','ERIC','64, rue Jeanne d_Arc',59171,'HELLEMMES','N');
insert into adherents values(4,'LUCAS','ANNIE','25, rue du Château',59170,'CROIX','O');
insert into adherents values(5,'THERY','GERARD','63, rue Roger Salengro',59171,'HELLEMMES','O');
insert into adherents values(6,'WOLNIEWICZ','IRENA','14, rue Nationale',59171,'HELLEMMES','O');
insert into adherents values(7,'DUBOIS','HERVE','52, rue Egalité',59290,'WASQUEHAL','O');
insert into adherents values(8,'WALBERGUE','GERARD','75, rue de Tournai',59780,'BAISIEUX','N');
insert into adherents values(9,'MORVAN','JOSEPH','198, rue de Lille',59290,'WASQUEHAL','O');
insert into adherents values(10,'DUMONT','VERONIQUE','22, allée Strauss',59115,'LEERS','O');
insert into adherents values(11,'DECONNINCK','HERVE','196 allée Ste Cécile',59130,'LAMBERSART','O');
insert into adherents values(12,'SIREUIL','CORINNE','206, rue de l_Yser',59200,'TOURCOING','O');
insert into adherents values(13,'DAILLY','CLAUDE','17, rue Louis Braille',59130,'LAMBERSART','O');
insert into adherents values(14,'TRELCAT','LEON','3, rue du 2ème DB',59350,'ST ANDRE','O');
insert into adherents values(15,'LECLERCQ','FREDERIC','142, rue Ogiers',59962,'CROIX','N');
insert into adherents values(16,'LEBLANC','CATHERINE','458, Av de Dunkerque',59130,'LAMBERSART','O');
insert into adherents values(17,'TENZA','EMMANUELLE','25, Av du Mal Delattre de Tassigny',59350,'ST ANDRE','O');
insert into adherents values(18,'QUINTARD','ANDRE','41, rue Jean Jaurès',59171,'HELLEMMES','O');
insert into adherents values(19,'CASTELAIN','ANDRE','2, rue Wasquehal',59100,'ROUBAIX','O');
insert into adherents values(20,'POLLET','PHILIPPE','152, Bd Jean Baptiste Lebas',59100,'ROUBAIX','O');
insert into adherents values(21,'CARRE','STEPHANE','22, rue Marengo',59100,'ROUBAIX','N');
insert into adherents values(22,'LAMBRAY','JACQUES','17, rue Paul Langevin',59260,'LEZENNES','O');
insert into adherents values(23,'CARRE','JEANNINE','30, rue Lavoisier',59790,'RONCHIN','O');
insert into adherents values(24,'LALET','PIERRE','14,rue du Bas Liévin',59790,'RONCHIN','O');
insert into adherents values(25,'CANLERS','MAXIME','14, rue Gombert',59800,'LILLE','O');
insert into adherents values(26,'REGNAULT','YVES','2, rue de L_orphelinat',59000,'LILLE','O');
insert into adherents values(27,'PERROCHON','MARTINE','92, rue des Stations',59000,'LILLE','O');
insert into adherents values(28,'MARTIN','MARC','39, rue d_Arras',59000,'LILLE','O');
insert into adherents values(29,'RAPP','ALFREDE','13, rue d_Antin',59800,'LILLE','N');
insert into adherents values(30,'MONET','ARTHUR','142, rue Barthélémy Delespaul',59000,'LILLE','O');
insert into adherents values(31,'MATTES','GERARD','49, rue de la Louvière',59800,'LILLE','O');
insert into adherents values(32,'PRADIER','ARMAND','15, Pl du Maréchal Leclerc',59800,'LILLE','O');
insert into adherents values(33,'FIVET','JOSEPH','224, rue Nationale',59000,'LILLE','N');
insert into adherents values(34,'DUPEU','ANDRE','1, rue de la Riviérette',59800,'LILLE','O');
insert into adherents values(35,'GUILLERMAIN','JEAN-CLAUDE','3, rue du collège',59710,'PONT-A-MARCQ','O');
insert into adherents values(36,'LEMAIRE','BEATRICE','145, rue Anatole France',59790,'RONCHIN','O');
insert into adherents values(37,'CANLERS','JULIA','20, rue Notre-Dame',59790,'RONCHIN','O');
insert into adherents values(38,'MARTINEZ','ANNA','38, rue des Hêtres',59100,'ROUBAIX','O');
insert into adherents values(39,'MARTIN','PATRICK','78, rue Horace Vernet',59100,'ROUBAIX','O');
insert into adherents values(40,'LECOMPTE','MARINE','331, allée Bleuets',59910,'BONDUES','N');
insert into adherents values(41,'SOLAGNA','LOUIS','1, allée Edgard Degas',59200,'TOURCOING','O');
insert into adherents values(42,'DURAND','SYLVIE','4, allée Sylva',59130,'LAMBERSART','O');
insert into adherents values(43,'NGUYEN','BRUNO','133, rue Yves Decugis',59650,'VILLENEUVE D_ASCQ','O');
insert into adherents values(44,'LEGRAND','ALAIN','76, Bd Van Gogh',59650,'VILLENEUVE D_ASCQ','O');
insert into adherents values(45,'FREMMION','GEORGES','82, rue Gambetta',59491,'VILLENEUVE D_ASCQ','O');
insert into adherents values(47,'SCHMIDT','ALAIN','49,rue Montesquieu',59510,'HEM','O');
insert into adherents values(48,'GRIS','MICHEL','20, rue Boileau',59790,'RONCHIN','O');
insert into adherents values(49,'LAMAND','STEPHANE','15 rue La Bruyère',59160,'LOMME','O');
insert into adherents values(50,'FIEVET','BRUNO','16, rue Bertelot',59130,'LAMBERSART','O');
insert into adherents values(53,'DUPONT','ROGER','12, Chemin St Martin',59160,'LOMME','N');
insert into adherents values(54,'DOYEN','PHILIPPE','32, Grand Place',62400,'BETHUNE','O');
insert into adherents values(56,'RENOU','CHRISTOPHE','9 Rue des Saules',59193,'ERQUINGHEM-LYS','O');
insert into adherents values(58,'HOCHART','JEAN-MARIE','15, rue de l_Orphelinat',59000,'LILLE','O');
insert into adherents values(59,'ROUSSEl','OLIVIER','Rue de la Thèse',59000,'LILLE','O');



create table emprunts(NUMEMPRUNT number, NUMOUV integer, NUMEX integer, NUMADHE integer, DATEDEPART char(10), DATERETOUR char(10), constraint pk_empr primary key(numemprunt));

insert into emprunts values(14, 30, 1, 18, '14/03/07', null); 
insert into emprunts values(1, 1, 1, 12, '30/08/09', '15/09/09');
insert into emprunts values(2, 2, 1, 12, '30/08/09', '15/09/09');
insert into emprunts values(3, 3, 1, 36, '13/07/09', null); 
insert into emprunts values(4, 3, 2, 10, '30/08/09', null); 
insert into emprunts values(5, 5, 1, 20, '30/08/09', null); 
insert into emprunts values(6, 5, 3, 23, '30/08/09', null); 
insert into emprunts values(7, 12, 1, 1, '02/09/09', null); 
insert into emprunts values(8, 13, 1, 47, '02/09/09', null); 
insert into emprunts values(9, 25, 1, 25, '03/09/09', null); 
insert into emprunts values(10, 50, 1, 12, '12/10/09', null); 
insert into emprunts values(11, 15, 1, 53, '12/10/09', null); 
insert into emprunts values(12, 12, 1, 56, '19/10/09', null); 
insert into emprunts values(13, 10, 1, 5, '22/10/09', null);

create table tarifs(code_postal number(5), cotisation number(10,2), constraint pk_tarifs primary key(code_postal));

insert into tarifs values(59000,15.0);
insert into tarifs values(59100,19.0);
insert into tarifs values(59115,15.0);
insert into tarifs values(59130,15.0);
insert into tarifs values(59160,15.0);
insert into tarifs values(59170,10.0);
insert into tarifs values(59171,12.0);
insert into tarifs values(59193,15.0);
insert into tarifs values(59200,10.0);
insert into tarifs values(59260,15.0);
insert into tarifs values(59290,10.0);
insert into tarifs values(59350,15.0);
insert into tarifs values(59400,15.0);
insert into tarifs values(59491,15.0);
insert into tarifs values(59510,15.0);
insert into tarifs values(59710,15.0);
insert into tarifs values(59650,15.0);
insert into tarifs values(59780,15.0);
insert into tarifs values(59790,15.0);
insert into tarifs values(59800,12.0);
insert into tarifs values(59962,10.0);

